chainId,skillId,sequence,effectId,value,duration,tickInterval,triggerType,targetOverride,areaType,areaRadius,areaMultiplier,condition,params,vfxType,soundType,use,unitCode,requiredLevel,requiresAwakening,replaceChainId
# SKILL_SHIELD_CHARGE - Shield Charge (пњљпњљ»£пњљпњљ + пњљпњљпњљпњљ + пњљпњљпњљ/пњљпњљпњљпњљ пњљпњљпњљпњљ),,,,,,,,,,,,,,,,,,,,
CHAIN_SC_001,SKILL_SHIELD_CHARGE,1,EFF_SHIELD,15,3,0,instant,Self,none,0,1,always,value_type:percent_max_hp|absorb_type:all|max_shield_ratio:1,,runner_skill,1,Runner,0,0,
CHAIN_SC_002,SKILL_SHIELD_CHARGE,2,EFF_MOVE_DASH,15,0,0,instant,FarthestEnemy,none,0,1,always,dash_speed:5|stop_on_collision:false|collision_radius:2|overshoot_distance:1,trail_fire,core_charge,1,Runner,0,0,
CHAIN_SC_003,SKILL_SHIELD_CHARGE,3,EFF_DAMAGE,200,0,0,on_collision,PathEnemies,line,1,1,always,collision_damage:true|value_type:percent_atk,,core_bash,1,Runner,0,0,
CHAIN_SC_004,SKILL_SHIELD_CHARGE,4,EFF_DAMAGE_AREA,200,0,0,on_arrival,ImpactPoint,circle,1,1,always,value_type:percent_atk,instant_explosion_proton_purple,core_explosion,1,Runner,0,0,
# SKILL_SHIELD_CHARGE - Runner Level 10 (пњљпњљпњљпњљ пњљќњпњљ),,,,,,,,,,,,,,,,,,,,
CHAIN_SC_005_L10,SKILL_SHIELD_CHARGE,5,EFF_STUN,0,1.5,0,on_arrival,ImpactArea,circle,1,1,always,,debuff_stun,core_stun,1,Runner,10,0,
# SKILL_SHIELD_CHARGE - Runner Level 30 (пњљпњљ»£пњљпњљ +15% пњљпњљпњљпњљ),,,,,,,,,,,,,,,,,,,,
CHAIN_SC_001_L30,SKILL_SHIELD_CHARGE,1,EFF_SHIELD,15,3,0,instant,Self,none,0,1,always,value_type:percent_max_hp|absorb_type:all|max_shield_ratio:1,,runner_skill,1,Runner,30,0,
# SKILL_SHIELD_CHARGE - Runner Level 50 (пњљпњљпњљпњљ пњљ√∞пњљ +1.5пњљпњљ пњљя∞пњљ),,,,,,,,,,,,,,,,,,,,
CHAIN_SC_005_L50,SKILL_SHIELD_CHARGE,5,EFF_STUN,0,1.5,0,on_arrival,ImpactArea,circle,1,1,always,,debuff_stun,core_stun,1,Runner,50,0,
# SKILL_SHIELD_CHARGE - Runner Awakening (пњљпњљ»£пњљпњљ +15% пњљпњљпњљпњљ),,,,,,,,,,,,,,,,,,,,
CHAIN_SC_001_AWK,SKILL_SHIELD_CHARGE,1,EFF_SHIELD,15,3,0,instant,Self,none,0,1,always,value_type:percent_max_hp|absorb_type:all|max_shield_ratio:1,,runner_skill,1,Runner,0,1,
# SKILL_SHIELD_AURA - Shield Aura (Commander: пњљЏљпњљ 20% пњљпњљ»£пњљпњљ),,,,,,,,,,,,,,,,,,,,
CHAIN_SA_001,SKILL_SHIELD_AURA,1,EFF_SHIELD,40,6,0,instant,Self,none,0,1,always,value_type:percent_max_hp|absorb_type:all|max_shield_ratio:1,instant_nova_lightning,commander_skill,1,Commander,0,0,
# SKILL_SHIELD_AURA - Commander Level 10 (пњљ÷іпњљ HP 25% пњљпњљпњљпњљ),,,,,,,,,,,,,,,,,,,,
CHAIN_CMD_L10,SKILL_SHIELD_AURA,2,EFF_BUFF_STAT,25,999,0,instant,Self,none,0,1,always,stat_type:max_hp|is_percentage:true,buff_stat,core_buff,1,Commander,10,0,
# SKILL_SHIELD_AURA - Commander Level 30 (пњљ∆±пњљ пњљпњљ»£пњљпњљ 10%),,,,,,,,,,,,,,,,,,,,
CHAIN_CMD_L30,SKILL_SHIELD_AURA,3,EFF_SHIELD,10,3,0,instant,AreaAlly,circle,3,1,always,value_type:percent_max_hp|absorb_type:all|exclude_self:true|max_shield_ratio:1,instant_nova_lightning,core_shield_aura,1,Commander,30,0,
# SKILL_SHIELD_AURA - Commander Level 50 (пњљпњљ»£пњљпњљ +10% пњљпњљпњљпњљ),,,,,,,,,,,,,,,,,,,,
CHAIN_CMD_L50,SKILL_SHIELD_AURA,1,EFF_SHIELD,10,3,0,instant,Self,none,0,1,always,value_type:percent_max_hp|absorb_type:all|max_shield_ratio:1,instant_nova_lightning,core_shield,1,Commander,50,0,
# PASSIVE_Commander - Commander Awakening (пњљпњљпњљпњљ пњљпњљпњљпњљ пњљпњљ пњљпњљ≈≥ пњљпњљпњљпњљпњљпњљ 50%),,,,,,,,,,,,,,,,,,,,
CHAIN_CMD_AWK,PASSIVE_Commander,1,EFF_PASSIVE_SKILL_GAUGE,50,0,0,on_battle_start,Self,none,0,1,always,,,,1,Commander,0,1,
# SKILL_WIND_PUSH - Wind Push (пњљЏљпњљпњљпњљ пњљпњљпњљпњљ√Љпњљпњљ пњљ–Њо≥їпњљпњљ),,,,,,,,,,,,,,,,,,,,
CHAIN_WP_001,SKILL_WIND_PUSH,1,EFF_PROJECTILE_BOX,0,0,0,instant,Self,none,0,1,always,box_width:1|box_height:2|start_offset_x:1|start_offset_y:0|projectile_speed:4|projectile_direction:left|hit_once:true|max_distance:20|vfx_display:executor_managed,projectile_trail_lightning,protest_skill,1,Protest,0,0,
CHAIN_WP_002,SKILL_WIND_PUSH,2,EFF_KNOCKBACK,0,0,0,on_projectile_hit,HitTarget,none,0,1,always,knockback_distance:2|knockback_duration:0.6|knockback_direction:left|apply_damage:true|damage_percent:40,,core_knockback,1,Protest,0,0,
# SKILL_WIND_PUSH - Protest Level 10 (пњљпњљпњљпњљ пњљпњљпњљпњљ 150% пњљя∞пњљ, пњљ’їпњљ пњљпњљпњљ),,,,,,,,,,,,,,,,,,,
CHAIN_WP_002_L10,SKILL_WIND_PUSH,2,EFF_KNOCKBACK,0,0,0,on_projectile_hit,HitTarget,none,0,1,always,knockback_distance:0.5|knockback_duration:0.6|knockback_direction:left|apply_damage:true|damage_percent:150,,core_knockback,1,Protest,10,0,
# SKILL_WIND_PUSH - Protest Level 30 (пњљпњљпњљќњпњљ пњљя∞пњљ),,,,,,,,,,,,,,,,,,,,
CHAIN_WP_003_L30,SKILL_WIND_PUSH,3,EFF_SLOW,30,2,0,on_projectile_hit,HitTarget,none,0,1,always,slow_type:move_speed,debuff_slow,core_slow,1,Protest,30,0,
# SKILL_WIND_PUSH - Protest Level 50 (пњљпњљпњљпњљ 25% пњљпњљпњљпњљ: 1.5пњљпњљ1.875, 6пњљпњљ7.5),,,,,,,,,,,,,,,,,,,
CHAIN_WP_001_L50,SKILL_WIND_PUSH,1,EFF_PROJECTILE_BOX,0,0,0,instant,Self,none,0,1,always,box_width:1|box_height:2.5|area_increase:25|start_offset_x:1|start_offset_y:0|projectile_speed:4|projectile_direction:left|hit_once:true|max_distance:20|vfx_display:executor_managed,projectile_trail_lightning,protest_skill,1,Protest,50,0,
# SKILL_WIND_PUSH - Protest Awakening (пњљпњљпњљпњљ пњљя∞пњљ),,,,,,,,,,,,,,,,,,,,
CHAIN_WP_004_AWK,SKILL_WIND_PUSH,4,EFF_STUN,0,2,0,on_projectile_hit,HitTarget,none,0,1,always,probability:50,debuff_stun,core_stun,1,Protest,0,1,
# SKILL_FLASH_SLASH - Flash Slash (Samurai пњљпњљпњљпњљ: пњљпњљпњљпњљ пњљпњљпњљпњљ - пњљпњљпњљпњљ пњљпњљпњљпњљ + пњљпњљпњљ пњљпњљпњљпњљ),,,,,,,,,,,,,,,,,,,,
CHAIN_FS_001,SKILL_FLASH_SLASH,1,EFF_MOVE_DASH,50,0,0,instant,FarthestEnemy,none,0,1,always,dash_speed:15|stop_on_collision:false|collision_radius:2|overshoot_distance:0.5,trail_lightning_blue,samurai_skill,1,Samurai,0,0,
CHAIN_FS_002,SKILL_FLASH_SLASH,2,EFF_DAMAGE,130,0,0,on_collision,PathEnemies,line,1,1,always,collision_damage:true|value_type:percent_atk,,core_cut,1,Samurai,0,0,
# SKILL_FLASH_SLASH - Samurai Level 10 (пњљпњљпњљЎЈпњљ 35% пњљпњљпњљпњљ, пњљ’їпњљ пњљпњљпњљ),,,,,,,,,,,,,,,,,,,
CHAIN_FS_002_L10,SKILL_FLASH_SLASH,2,EFF_DAMAGE,35,0,0,on_collision,PathEnemies,line,1,1,always,collision_damage:true|value_type:percent_atk,,core_cut,1,Samurai,10,0,
# SKILL_FLASH_SLASH - Samurai Level 30 (пњљпњљ √≥ƒ° пњљпњљ 50% »Ѓпњљпњљпњљпњљ пњљпњљ≈≥ пњљпњљпњљпњљпњљпњљ 100% пњљпњљпњљпњљ, 10пњљпњљ пњљпњљўњпњљ),,,,,,,,,,,,,,,,,,,
CHAIN_FS_003_L30,SKILL_FLASH_SLASH,3,EFF_SKILL_GAUGE_ON_KILL,100,0,0,instant,Self,none,0,1,always,probability:50|cooldown:10,,core_charge,1,Samurai,30,0,
# SKILL_FLASH_SLASH - Samurai Level 50 (пњљпњљ √≥ƒ° пњљпњљ 100% »Ѓпњљпњљпњљпњљ пњљпњљ≈≥ пњљпњљпњљпњљпњљпњљ 100% пњљпњљпњљпњљ),,,,,,,,,,,,,,,,,,,,
CHAIN_FS_003_L50,SKILL_FLASH_SLASH,3,EFF_SKILL_GAUGE_ON_KILL,100,0,0,instant,Self,none,0,1,always,probability:100|cooldown:0,,core_charge,1,Samurai,50,0,
# SKILL_FLASH_SLASH - Samurai Awakening (пњљпњљ≈≥ пњљпњљпњљ пњљпњљ пњљпњљпњљЎЈпњљпњљпњљ 5% HP »Єпњљпњљ, пњљ÷іпњљ HP 10%пњљпњљпњљпњљ),,,,,,,,,,,,,,,,,,,
CHAIN_FS_004_AWK,SKILL_FLASH_SLASH,4,EFF_HEAL_DAMAGE_DEALT,0,0,0,instant,Self,none,0,1,always,heal_percent:5|max_heal_cap:10,heal_basic,core_heal,1,Samurai,0,1,
# SKILL_TRIPLE_AXEL - Triple Axel (пњљпњљпњљпњљ пњљпњљпњљпњљ + пњљпњљпњљпњљ),,,,,,,,,,,,,,,,,,,,
CHAIN_TA_001,SKILL_TRIPLE_AXEL,1,EFF_DAMAGE_AREA,150,0,0,instant,AreaEnemy,circle,3,1,always,value_type:percent_atk|vfx_display:center_once,instant_aura_nature,ballerina_skill,1,Ballerina,0,0,
CHAIN_TA_002,SKILL_TRIPLE_AXEL,2,EFF_STUN,0,1.5,0,instant,AreaEnemy,circle,3,1,always,vfx_display:on_each_target,debuff_stun,core_stun,1,Ballerina,0,0,
# SKILL_TRIPLE_AXEL - Ballerina Level 10 (пњљпњљ»£пњљпњљ пњљќњпњљ),,,,,,,,,,,,,,,,,,,,
CHAIN_TA_003_L10,SKILL_TRIPLE_AXEL,3,EFF_SHIELD,10,3,0,instant,Self,none,0,1,always,value_type:percent_max_hp|absorb_type:all,shield_basic,core_shield,1,Ballerina,10,0,
# SKILL_TRIPLE_AXEL - Ballerina Level 30 (пњљпњљпњљЎЈпњљ +34% пњљпњљпњљпњљ),,,,,,,,,,,,,,,,,,,,
CHAIN_TA_001_L30,SKILL_TRIPLE_AXEL,1,EFF_DAMAGE_AREA,34,0,0,instant,AreaEnemy,circle,3,1,always,value_type:percent_atk|vfx_display:center_once,instant_aura_nature,ballerina_skill,1,Ballerina,30,0,
# SKILL_TRIPLE_AXEL - Ballerina Level 50 (пњљпњљпњљпњљ +1пњљпњљ пњљпњљпњљпњљ),,,,,,,,,,,,,,,,,,,,
CHAIN_TA_002_L50,SKILL_TRIPLE_AXEL,2,EFF_STUN,0,1,0,instant,AreaEnemy,circle,3,1,always,vfx_display:on_each_target,debuff_stun,core_stun,1,Ballerina,50,0,
# SKILL_TRIPLE_AXEL - Ballerina Awakening (пњљпњљ пњљпњљпњљпњљпњљпњљ),,,,,,,,,,,,,,,,,,,,
CHAIN_TA_004_AWK,SKILL_TRIPLE_AXEL,4,EFF_PULL,0,0,0,instant,AreaEnemy,circle,3,1,always,pull_strength:5|pull_duration:0.5,debuff_pull,core_pull,1,Ballerina,0,1,
# SKILL_WHIRLWIND - Whirlwind (пњљпњљпњљпњљ пњљпњљпњљпњљ пњљпњљпњљпњљ),,,,,,,,,,,,,,,,,,,,
CHAIN_WW_001,SKILL_WHIRLWIND,1,EFF_BUFF_DAMAGE,0,0.1,0,instant,Self,none,0,1,always,buff_value:0,instant_slash,,1,,0,0,
CHAIN_WW_002,SKILL_WHIRLWIND,1,EFF_DAMAGE_AREA,150,0,0,instant,AreaEnemy,circle,2.5,1,always,value_type:percent_atk,,core_slash,1,,0,0,
# SKILL_ASSASSINATE - пњљѕїпњљ (пњљ÷іпњљHP пњљпњљпњљпњљ пњљпњљпњљпњљ пњљпњљпњљпњљпњљпњљ пњљпњљпњљпњљпњљћµпњљ + пњљпњљпњљпњљ),,,,,,,,,,,,,,,,,,,,
CHAIN_ASS_001,SKILL_ASSASSINATE,1,EFF_MOVE_DASH,0,0,0,instant,LowestMaxHpEnemy,none,0,1,always,dash_speed:20|instant_teleport:true|overshoot_distance:0.5,instant_teleport,assassin_skill,1,Assassin,0,0,
CHAIN_ASS_003_L10,SKILL_ASSASSINATE,2,EFF_INSTANT_KILL,0,0,0,on_arrival,same_target,none,0,1,always,probability:15|damage_multiplier_boss:100,,,1,Assassin,10,0,
# SKILL_ASSASSINATE - Assassin Level 50 (м¶ЙмВђ 30%, л≥імК§ мК§нВђнФЉнХі 100% м¶Эк∞А - Lv10 кµРм≤і),,,,,,,,,,,,,,,,,,,,
CHAIN_ASS_003_L50,SKILL_ASSASSINATE,2,EFF_INSTANT_KILL,0,0,0,on_arrival,same_target,none,0,1,always,probability:30|damage_multiplier_boss:100,,,1,Assassin,50,0,
# SKILL_ASSASSINATE - кЄ∞л≥Є лН∞лѓЄмІА,,,,,,,,,,,,,,,,,,,,
CHAIN_ASS_002,SKILL_ASSASSINATE,3,EFF_DAMAGE,200,0,0,on_arrival,same_target,none,0,1,always,value_type:percent_atk,hit_critical,core_slash,1,Assassin,0,0,
# SKILL_ASSASSINATE - Assassin Level 30 (нФЉнХілЯЙ 10% HP нЪМл≥µ),,,,,,,,,,,,,,,,,,,,
CHAIN_ASS_004_L30,SKILL_ASSASSINATE,4,EFF_HEAL_DAMAGE_DEALT,0,0,0,on_arrival,Self,none,0,1,always,heal_percent:10,heal_basic,core_heal,1,Assassin,30,0,
# SKILL_ASSASSINATE - Assassin Awakening (пњљпњљпњљпњљпњљпњљ пњљпњљпњљпњљ 25%),,,,,,,,,,,,,,,,,,,,
CHAIN_ASS_005_AWK,SKILL_ASSASSINATE,5,EFF_HEAL_DAMAGE_DEALT,0,0,0,on_arrival,Self,none,0,1,always,heal_percent:25|max_heal_cap:10,heal_basic,core_heal,1,Assassin,0,1,
# SKILL_TOXIC_AURA - пњљпњљпњљпњљ пњљпњљпњљпњљ (Sweaty пњљпњљпњљпњљ: пњљпњљпњљпњљ пњљпњљпњљпњљ пњљпњљпњљ”µ«іпњљ пњљпњљпњљпњљ DoT),,,,,,,,,,,,,,,,,,,,
CHAIN_TOXIC_001,SKILL_TOXIC_AURA,1,EFF_BUFF_DAMAGE,0,999,0,instant,Self,none,0,1,always,buff_value:0|persistent_vfx:true,passive_toxic,sweaty_skill,1,Sweaty,0,0,
CHAIN_TOXIC_002,SKILL_TOXIC_AURA,2,EFF_DOT_POISON,10,999,1,instant,AreaEnemy,circle,1,1,always,value_type:percent_atk|dot_type:poison|area_dot:true,,,1,Sweaty,0,0,
# SKILL_TOXIC_AURA - Sweaty Level 10 (пњљпњљпњљпњљ +50% пњљпњљпњљпњљ: 3 пњљпњљ 4.5),,,,,,,,,,,,,,,,,,,,
CHAIN_TOXIC_001_L10,SKILL_TOXIC_AURA,1,EFF_BUFF_DAMAGE,0,999,0,instant,Self,none,0,1,always,buff_value:0|persistent_vfx:true|range_multiplier:1.5,passive_toxic,sweaty_skill,1,Sweaty,10,0,
# SKILL_TOXIC_AURA - Sweaty Level 30 (пњљпњљпњљпњљ пњљпњљпњљ »Єпњљпњљ 1.5%),,,,,,,,,,,,,,,,,,,,
CHAIN_TOXIC_003_L30,SKILL_TOXIC_AURA,3,EFF_HEAL_DAMAGE_DEALT,0,999,0,instant,Self,none,0,1,always,heal_percent:1.5|max_heal_cap:999|from_dot:true,heal_basic,core_heal,1,Sweaty,30,0,
# SKILL_TOXIC_AURA - Sweaty Level 50 (пњљћµпњљпњљ”µпњљ +30% пњљпњљпњљпњљ пњљпњљпњљпњљ),,,,,,,,,,,,,,,,,,,,
CHAIN_TOXIC_004_L50,SKILL_TOXIC_AURA,4,EFF_BUFF_STAT,30,999,0,instant,Self,none,0,1,always,stat_type:speed|is_percentage:true,buff_stat,core_buff,1,Sweaty,50,0,
# SKILL_TOXIC_AURA - Sweaty Awakening (пњљпњљпњљЎЈпњљ +30% пњљпњљпњљпњљ, пњљ’їпњљ пњљпњљпњљ),,,,,,,,,,,,,,,,,,,
CHAIN_TOXIC_002_AWK,SKILL_TOXIC_AURA,2,EFF_DOT_POISON,10,999,1,instant,AreaEnemy,circle,1,1,always,value_type:percent_atk|dot_type:poison|area_dot:true,,,1,Sweaty,0,1,
# SKILL_BAZOOKA - пњљпњљпњљпњљƒЂ пњљпњљпњљпњљ (3пњљпњљпњљпњљ пњљпњљ≈Ї, пњљпњљ пњљпњљпњљпњљ, пњљпњљ 2»Є ∆®пњљпњљ),,,,,,,,,,,,,,,,,,
CHAIN_BAZOOKA_001,SKILL_BAZOOKA,1,EFF_PROJECTILE_SPREAD_BOUNCE,30,0,0,instant,NearestEnemy,none,0,1,always,value_type:percent_atk|spread_count:3|spread_angle:15|pierce_enemy:true|wall_bounce:2|same_target_multiplier:0.25|projectile_speed:8|vfx_display:executor_managed,projectile_bazooka_skill,bazooka_skill,1,Bazooka,0,0,
# SKILL_BAZOOKA - Bazooka Level 10 (пњљпњљпњљ«Їпњљ пњљпњљпњљпњљ: »≠пњљпњљ пњљпњљ пњљпњљпњљ пњљпњљ пњљпњљпњљпњљ, пњљ÷Їпњљ пњљпњљпњљпњљпњљпњљ 15% пњљпњљпњљпњљ),,,,,,,,,,,,,,,,,,,
CHAIN_BAZOOKA_003_L10,SKILL_BAZOOKA,3,EFF_DEATH_EXPLOSION_CONDITIONAL,15,0,0,on_death,HitEnemies,none,3,1,always,value_type:percent_atk|required_debuff:burn|explosion_radius:3,instant_explosion_boom,explosion_sound,1,Bazooka,10,0,
# SKILL_BAZOOKA - Bazooka Level 30 (пњљяїпњљ пњљпњљпњљпњљ 4пњљпњљ),,,,,,,,,,,,,,,,,,,,
CHAIN_BAZOOKA_001_L30,SKILL_BAZOOKA,1,EFF_PROJECTILE_SPREAD_BOUNCE,0,0,0,instant,NearestEnemy,none,0,1,always,value_type:percent_atk|spread_count:4|spread_angle:15|pierce_enemy:true|wall_bounce:2|same_target_multiplier:0.25|projectile_speed:8|vfx_display:executor_managed,projectile_bazooka_skill,bazooka_skill,1,Bazooka,30,0,
# SKILL_BAZOOKA - Bazooka Level 50 (≈©пњљпњљ пњљпњљпњљпњљ: пњљпњљ∆Ѓпњљпњљ 10% пњљпњљпњљпњљ, пњљ÷іпњљ 150%),,,,,,,,,,,,,,,,,,,
CHAIN_BAZOOKA_001_L50,SKILL_BAZOOKA,1,EFF_PROJECTILE_SPREAD_BOUNCE,0,0,0,instant,NearestEnemy,none,0,1,always,value_type:percent_atk|spread_count:4|spread_angle:15|pierce_enemy:true|wall_bounce:2|same_target_multiplier:0.25|projectile_speed:8|scale_on_hit:true|scale_increment:0.1|max_scale:1.5|vfx_display:executor_managed,projectile_bazooka_skill,bazooka_skill,1,Bazooka,50,0,
# SKILL_BAZOOKA - Bazooka Awakening (»≠пњљпњљ пњљпњљпњљпњљ: 4пњљ ∞пњљ 0.5пњљ Єпњљпњљпњљ 5% пњљпњљпњљпњљ),,,,,,,,,,,,,,,,,,,,
CHAIN_BAZOOKA_004,SKILL_BAZOOKA,4,EFF_VFX_ONLY,0,0,0,on_projectile_hit,ImpactPoint,none,0,1,always,vfx_display:center_once,hit_bazooka_skill,,1,Bazooka,0,0,
CHAIN_BAZOOKA_002,SKILL_BAZOOKA,2,EFF_DOT_POISON,5,4,0.5,on_projectile_hit,HitTarget,none,0,1,always,value_type:percent_atk|dot_type:burn|vfx_display:on_each_target,debuff_burn,burn_sound,1,Bazooka,0,0,
CHAIN_BAZOOKA_001_AWK,SKILL_BAZOOKA,1,EFF_PROJECTILE_SPREAD_BOUNCE,0,0,0,instant,NearestEnemy,none,0,1,always,spread_count_bonus:2|vfx_display:executor_managed,,,1,Bazooka,0,1,
# SKILL_FLASHBANG - пњљпњљпњљпњљ≈Ї (пњљпњљпњљпњљпњљпњљ пњљпњљпњљпњљ√Љ пњљпњљ пњљпњљпњљпњљ пњљпњљпњљпњљ пњљпњљ »•пњљпњљ),,,,,,,,,,,,,,,,,,,,
CHAIN_FLASHBANG_001,SKILL_FLASHBANG,1,EFF_PROJECTILE_LOB,0,0,0,instant,NearestEnemy,none,0,1,always,arc_height:5|explosion_radius:4|projectile_speed:6|vfx_display:executor_managed,projectile_flash,squad_skill,1,,0,0,
CHAIN_FLASHBANG_002,SKILL_FLASHBANG,2,EFF_DAMAGE_AREA,50,0,0,on_arrival,ImpactArea,circle,4,1,always,value_type:percent_atk|falloff:0.8|vfx_display:center_once,instant_explosion_flash,flashbang_explode,1,,0,0,
CHAIN_FLASHBANG_003,SKILL_FLASHBANG,3,EFF_CONFUSION,0,2.2,0,on_arrival,ImpactArea,circle,4,1,always,friendly_fire:true,debuff_confusion,confusion_sound,1,,0,0,
# SKILL_FLASHBANG - Squad Level 10 (»•пњљпњљ пњљ…Єпњљ пњљпњљ пњљпњљпњљЁЉ”µпњљ +100% - paramsпњљпњљ пњљя∞пњљ, duration пњљ’їпњљ пњљ»µпњљ),,,,,,,,,,,,,,,,,,,
CHAIN_FLASHBANG_003_L10,SKILL_FLASHBANG,3,EFF_CONFUSION,0,0,0,on_arrival,ImpactArea,circle,4,1,always,friendly_fire:true|attack_speed_bonus:100,debuff_confusion,,1,Squad,10,0,
# SKILL_FLASHBANG - Squad Level 30 (пњљпњљпњљЎЈпњљ +300%, пњљ’їпњљ: 50% + 300% = 350%),,,,,,,,,,,,,,,,,,,
CHAIN_FLASHBANG_002_L30,SKILL_FLASHBANG,2,EFF_DAMAGE_AREA,300,0,0,on_arrival,ImpactArea,circle,4,1,always,value_type:percent_atk|falloff:0.8|vfx_display:center_once,instant_explosion_flash,flashbang_explode,1,Squad,30,0,
# SKILL_FLASHBANG - Squad Level 50 (пњљЏљ≈њпњљпњљпњљ пњљпњљпњљЁЉ”µпњљ +80%, 3пњљпњљ),,,,,,,,,,,,,,,,,,,
CHAIN_FLASHBANG_004_L50,SKILL_FLASHBANG,4,EFF_BUFF_STAT,80,3,0,instant,Self,none,0,1,always,stat_type:attack_speed|is_percentage:true,buff_stat,core_buff,1,Squad,50,0,
# SKILL_FLASHBANG - Squad Awakening (»•пњљпњљ пњљпњљпњљ”љ√∞пњљ +1.3пњљпњљ, пњљ’їпњљ: 2.2пњљпњљ + 1.3пњљпњљ = 3.5пњљпњљ),,,,,,,,,,,,,,,,,,,
CHAIN_FLASHBANG_003_AWK,SKILL_FLASHBANG,3,EFF_CONFUSION,0,1.3,0,on_arrival,ImpactArea,circle,4,1,always,friendly_fire:true,debuff_confusion,confusion_sound,1,Squad,0,1,
# SKILL_HEALING_POTION - ƒ°пњљпњљ пњљпњљпњљпњљ (HP пњљпњљпњљпњљ пњљ∆±пњљ 2пњљпњљпњљпњљпњљпњљ пњљпњљпњљпњљ√Љ пњљпњљ пњљпњљпњљпњљ »Єпњљпњљ),,,,,,,,,,,,,,,,,,,,
CHAIN_HP_001,SKILL_HEALING_POTION,1,EFF_PROJECTILE_LOB_HEAL,150,0,0,instant,LowestHpPercentAlly,none,0,1,always,max_targets:2|projectile_interval:0.1|arc_height:3|projectile_speed:10|value_type:percent_atk|vfx_display:executor_managed|impact_vfx:instant_heal|impact_sound:heal_sfx,projectile_acid_green,mad_skill,1,Mad,0,0,
# SKILL_HEALING_POTION - Mad Level 10 (пњљпњљпњљпњљ пњљпњљпњљпњљ),,,,,,,,,,,,,,,,,,,,
CHAIN_HP_002_L10,SKILL_HEALING_POTION,2,EFF_DAMAGE_AREA,100,0,0,on_arrival,ImpactArea,circle,3,1,always,value_type:percent_atk|vfx_display:center_once,,core_explosion,1,Mad,10,0,
# SKILL_HEALING_POTION - Mad Level 30 (пњљяµпњљ »њпњљпњљ),,,,,,,,,,,,,,,,,,,,
CHAIN_HP_003_L30,SKILL_HEALING_POTION,3,EFF_DOT_POISON,5,4,0.5,on_arrival,ImpactArea,circle,3,1,always,value_type:percent_atk|dot_type:poison|vfx_display:on_each_target,debuff_poison,,1,Mad,30,0,
# SKILL_HEALING_POTION - Mad Level 50 (»Єпњљпњљпњљпњљ +50%, пњљ’їпњљ пњљпњљпњљ),,,,,,,,,,,,,,,,,,,
CHAIN_HP_001_L50,SKILL_HEALING_POTION,1,EFF_PROJECTILE_LOB_HEAL,50,0,0,instant,LowestHpPercentAlly,none,0,1,always,max_targets:2|projectile_interval:0.1|arc_height:3|projectile_speed:10|value_type:percent_atk|vfx_display:executor_managed|impact_vfx:instant_heal|impact_sound:heal_sfx,projectile_acid_green,mad_skill,1,Mad,50,0,
# SKILL_HEALING_POTION - Mad Level 50 (пњљпњљпњљЎЈпњљ +50%, пњљ’їпњљ пњљпњљпњљ),,,,,,,,,,,,,,,,,,,
CHAIN_HP_002_L50,SKILL_HEALING_POTION,2,EFF_DAMAGE_AREA,50,0,0,on_arrival,ImpactArea,circle,3,1,always,value_type:percent_atk|vfx_display:center_once,,core_explosion,1,Mad,50,0,
# SKILL_HEALING_POTION - Mad Awakening (пњљя∞пњљ пњљаЇі 1пњљпњљ),,,,,,,,,,,,,,,,,,,,
CHAIN_HP_005_AWK,SKILL_HEALING_POTION,1.5,EFF_PROJECTILE_LOB_HEAL,150,0,0,instant,LowestHpPercentAlly,none,0,1,always,max_targets:1|projectile_interval:0.1|arc_height:3|projectile_speed:10|value_type:percent_atk|vfx_display:executor_managed|impact_vfx:instant_heal|impact_sound:heal_sfx,projectile_acid_green,mad_skill,1,Mad,0,1,
# SKILL_HEALING_POTION - Mad Awakening + Level 50 (пњљя∞пњљ пњљаЇіпњљпњљпњљпњљ +50% пњљпњљпњљпњљ),,,,,,,,,,,,,,,,,,,,
CHAIN_HP_005_L50,SKILL_HEALING_POTION,1.5,EFF_PROJECTILE_LOB_HEAL,50,0,0,instant,LowestHpPercentAlly,none,0,1,always,max_targets:1|projectile_interval:0.1|arc_height:3|projectile_speed:10|value_type:percent_atk|vfx_display:executor_managed|impact_vfx:instant_heal|impact_sound:heal_sfx,projectile_acid_green,mad_skill,1,Mad,50,1,
# SKILL_BASIC_MISSILE - пњљпњљпњљпњљ пњљћїпњљпњљпњљ пњљпњљ≈Є (Bazookaпњљпњљ),,,,,,,,,,,,,,,,,,,,
CHAIN_BM_001,SKILL_BASIC_MISSILE,1,EFF_PROJECTILE_HOMING,100,0,0,instant,CurrentTarget,none,0,1,always,value_type:percent_atk|projectile_speed:10|rotation_speed:180|initial_angle:30|homing_delay:0.15|max_lifetime:10|vfx_display:executor_managed|skip_hit_vfx:true,projectile_rocket,missile_launch,1,,0,0,
CHAIN_BM_002,SKILL_BASIC_MISSILE,2,EFF_VFX_ONLY,0,0,0,on_projectile_hit,ImpactPoint,none,0,1,always,vfx_display:center_once,hit_rocket,,1,,0,0,
# SKILL_BASIC_ROCKET - пњљѕєпњљ пњљпњљпњљпњљ пњљпњљ≈Є,,,,,,,,,,,,,,,,,,,,
CHAIN_BR_001,SKILL_BASIC_ROCKET,1,EFF_PROJECTILE,100,0,0,instant,CurrentTarget,none,0,1,always,value_type:percent_atk|projectile_speed:10|follow_target:false|max_travel_distance:10|hit_radius:0.25|vfx_display:executor_managed|skip_hit_vfx:true,projectile_rocket,missile_launch,1,,0,0,
# SKILL_BASIC_ROCKET - пњљпњљпњљпњљ∆Ѓ VFX,,,,,,,,,,,,,,,,,,,,
CHAIN_BR_002,SKILL_BASIC_ROCKET,2,EFF_VFX_ONLY,0,0,0,on_projectile_hit,ImpactPoint,none,0,1,always,vfx_display:center_once,hit_rocket,,1,,0,0,
# SKILL_BASIC_BULLET - пњљѕєпњљ пњљ—Њпњљ пњљпњљ≈Є,,,,,,,,,,,,,,,,,,,,
CHAIN_BB_001,SKILL_BASIC_BULLET,1,EFF_PROJECTILE,100,0,0,instant,CurrentTarget,none,0,1,always,value_type:percent_atk|projectile_speed:12|follow_target:false|max_travel_distance:10|hit_radius:0.25|vfx_display:executor_managed|skip_hit_vfx:true,projectile_bullet,gun_fire,1,,0,0,
CHAIN_BB_002,SKILL_BASIC_BULLET,2,EFF_VFX_ONLY,0,0,0,on_projectile_hit,ImpactPoint,none,0,1,always,vfx_display:center_once,hit_bullet,,1,,0,0,
# SKILL_BASIC_SNAKE - Snake л±АлПЕ нПЙнГА,,,,,,,,,,,,,,,,,,,,
CHAIN_BSN_001,SKILL_BASIC_SNAKE,1,EFF_PROJECTILE,100,0,0,instant,CurrentTarget,none,0,1,always,value_type:percent_atk|projectile_speed:12|follow_target:false|max_travel_distance:10|hit_radius:0.25|vfx_display:executor_managed|skip_hit_vfx:true,projectile_snake,snake_fire,1,,0,0,
CHAIN_BSN_002,SKILL_BASIC_SNAKE,2,EFF_VFX_ONLY,0,0,0,on_projectile_hit,ImpactPoint,none,0,1,always,vfx_display:center_once,hit_snake,,1,,0,0,
# SKILL_BASIC_MAD - Mad лІ§лУЬ нПЙнГА,,,,,,,,,,,,,,,,,,,,
CHAIN_BM_001,SKILL_BASIC_MAD,1,EFF_PROJECTILE,100,0,0,instant,CurrentTarget,none,0,1,always,value_type:percent_atk|projectile_speed:12|follow_target:false|max_travel_distance:10|hit_radius:0.25|vfx_display:executor_managed|skip_hit_vfx:true,projectile_mad,snake_fire,1,,0,0,
CHAIN_BM_002,SKILL_BASIC_MAD,2,EFF_VFX_ONLY,0,0,0,on_projectile_hit,ImpactPoint,none,0,1,always,vfx_display:center_once,hit_mad,,1,,0,0,
# SKILL_BASIC_STONE - ¬ѓпњљпњљ пњљпњљ≈Є,,,,,,,,,,,,,,,,,,,,
CHAIN_BS_001,SKILL_BASIC_STONE,1,EFF_PROJECTILE,100,0,0,instant,CurrentTarget,none,0,1,always,value_type:percent_atk|projectile_speed:12|follow_target:false|max_travel_distance:10|hit_radius:0.25|vfx_display:executor_managed,projectile_stone,range_attack,1,,0,0,
# SKILL_STONE_BOMB - ¬ѓпњљпњљ пњљпњљ≈Ї (пњљпњљпњљпњљпњљпњљ пњљпњљпњљпњљ√Љ пњљпњљ пњљпњљпњљпњљ пњљпњљпњљпњљ),,,,,,,,,,,,,,,,,,,,
CHAIN_STONE_BOMB_001,SKILL_STONE_BOMB,1,EFF_PROJECTILE_LOB,0,0,0,instant,NearestEnemy,none,0,1,always,arc_height:4|explosion_radius:3|projectile_speed:8|vfx_display:executor_managed,projectile_stone_big,stone_throw,1,,0,0,
CHAIN_STONE_BOMB_002,SKILL_STONE_BOMB,2,EFF_DAMAGE_AREA,100,0,0,on_arrival,ImpactArea,circle,3,1,always,value_type:percent_atk|falloff:0.7|vfx_display:center_once,instant_explosion_ground,stone_impact,1,,0,0,
# SKILL_BASH - пњљпњљ≈Є (пњљпњљпњљпњљ пњљпњљпњљпњљ + пњљпњљпњљƒ≥пњљпњљпњљ),,,,,,,,,,,,,,,,,,,,
CHAIN_BASH_001,SKILL_BASH,1,EFF_DAMAGE,100,0,0,instant,CurrentTarget,none,0,1,always,value_type:percent_atk,hit_critical,core_bash,1,,0,0,
CHAIN_BASH_002,SKILL_BASH,2,EFF_KNOCKBACK,0,0,0,instant,same_target,none,0,1,always,knockback_distance:1|knockback_duration:0.5|knockback_direction:away|apply_damage:false,,core_knockback,1,,0,0,
# SKILL_WIND_BASH - Wind Bash (пњљЏљпњљпњљпњљ пњљпњљпњљпњљ√Љпњљпњљ пњљ–Њо≥їпњљпњљ «™пњљпњљпњљпњљпњљсЇЄљпњљпњљпњљ),,,,,,,,,,,,,,,,,,,,
CHAIN_WB_001,SKILL_WIND_BASH,1,EFF_PROJECTILE_BOX,0,0,0,instant,Self,none,0,1,always,box_width:1.5|box_height:6|start_offset_x:2|start_offset_y:0|projectile_speed:12|projectile_direction:left|hit_once:true|max_distance:20|vfx_display:executor_managed,projectile_trail_fire,core_wind,1,,0,0,
CHAIN_WB_002,SKILL_WIND_BASH,2,EFF_KNOCKBACK,0,0,0,on_projectile_hit,HitTarget,none,0,1,always,knockback_distance:1|knockback_duration:0.6|knockback_direction:left|apply_damage:true|damage_percent:100,,core_knockback,1,,0,0,
# SKILL_FLASH_RUSH - Flash RUSH (пњљпњљпњљпњљпњљпњљпњљпњљ),,,,,,,,,,,,,,,,,,,,
CHAIN_FR_001,SKILL_FLASH_RUSH,1,EFF_MOVE_DASH,50,0,0,instant,FarthestEnemy,none,0,1,always,dash_speed:15|stop_on_collision:false|collision_radius:1|overshoot_distance:0.5,trail_lightning_red,core_slash,1,,0,0,
CHAIN_FR_002,SKILL_FLASH_RUSH,2,EFF_DAMAGE,130,0,0,on_collision,PathEnemies,line,1,1,always,collision_damage:true|value_type:percent_atk,,core_cut,1,,0,0,
# SKILL_FLASH_RUSH - Flash RUSH (пњљпњљпњљпњљпњљпњљпњљсЇЄљпњљ),,,,,,,,,,,,,,,,,,,,
CHAIN_FRL_001,SKILL_FLASH_RUSH_LARGE,1,EFF_MOVE_DASH,50,0,0,instant,FarthestEnemy,none,0,1,always,dash_speed:15|stop_on_collision:false|collision_radius:2|overshoot_distance:0.5,trail_lightning_red,core_slash,1,,0,0,
CHAIN_FRL_002,SKILL_FLASH_RUSH_LARGE,2,EFF_DAMAGE,130,0,0,on_collision,PathEnemies,line,1,1,always,collision_damage:true|value_type:percent_atk,,core_cut,1,,0,0,
# SKILL_FLASH_RUSH - Flash RUSH (пњљпњљпњљпњљпњљпњљпњљсЇЄљпњљ2),,,,,,,,,,,,,,,,,,,,
CHAIN_FRS_001,SKILL_FLASH_RUSH_STUN,1,EFF_MOVE_DASH,50,0,0,instant,FarthestEnemy,none,0,1,always,dash_speed:5|stop_on_collision:false|collision_radius:1|overshoot_distance:0.5,trail_lightning_red,core_slash,1,,0,0,
CHAIN_FRS_002,SKILL_FLASH_RUSH_STUN,2,EFF_DAMAGE,130,0,0,on_collision,PathEnemies,line,1,1,always,collision_damage:true|value_type:percent_atk,,core_cut,1,,0,0,
CHAIN_FRS_003,SKILL_FLASH_RUSH_STUN,3,EFF_STUN,0,1.5,0,on_arrival,ImpactArea,circle,2,1,always,,debuff_stun,core_stun,1,,0,0,
# SKILL_DEATH_EXPLOSION - пњљпњљпњљ пњљпњљ пњљпњљпњљпњљ (пњљпњљпњљпњљпњљпњљпњљпњљ),,,,,,,,,,,,,,,,,,,,
CHAIN_DE_001,SKILL_DEATH_EXPLOSION,1,EFF_DAMAGE_AREA,10,0,0,on_death,ImpactArea,circle,1,1,always,value_type:percent_max_hp|falloff:0.8|vfx_display:center_once,instant_explosion_boom,explosion_sound,1,,0,0,
# SKILL_DEATH_EXPLOSION_BURN - пњљпњљпњљ пњљпњљ пњљпњљпњљпњљ + »≠пњљпњљ (пњљпњљпњљпњљпњљпњљпњљсЇЄљпњљ),,,,,,,,,,,,,,,,,,,,
CHAIN_DEB_001,SKILL_DEATH_EXPLOSION_BURN,1,EFF_DAMAGE_AREA,30,0,0,on_death,ImpactArea,circle,1.5,1,always,value_type:percent_max_hp|falloff:0.8|vfx_display:center_once,instant_explosion_boom,explosion_sound,1,,0,0,
CHAIN_DEB_002,SKILL_DEATH_EXPLOSION_BURN,2,EFF_DOT_POISON,1.5,3,0.5,on_death,ImpactArea,circle,1,1,always,value_type:percent_max_hp|dot_type:burn|vfx_display:on_each_target,debuff_burn,burn_sound,1,,0,0,
# SKILL_BASIC_BULLET - пњљпњљпњљпњљпњљ пњљпњљ≈Є,,,,,,,,,,,,,,,,,,,,
CHAIN_FBG_001,SKILL_FIREBALL_GREEN,1,EFF_PROJECTILE,100,0,0,instant,CurrentTarget,none,0,1,always,value_type:percent_atk|projectile_speed:12|vfx_display:executor_managed,projectile_acid_green,gun_fire,1,,0,0,
# SKILL_PIRATE_POISON_SLASH - пњљпњљ ƒЃ пњљ÷µќЄпњљпњљпњљ (≈Єпњљпњљ пњљяљпњљ пњљпњљпњљпњљ пњљпњљпњљпњљ + пњљпњљпњљпњљ),,,,,,,,,,,,,,,,,,,,
CHAIN_PIRATE_001,SKILL_PIRATE_POISON_SLASH,1,EFF_DAMAGE_AREA,20,0,0,instant,TargetArea,circle,1.5,1,always,value_type:percent_atk|vfx_display:center_once,instant_slash_poison,pirate_skill,1,Pirate,0,0,
CHAIN_PIRATE_002,SKILL_PIRATE_POISON_SLASH,2,EFF_STUN,0,1.5,0,instant,TargetArea,circle,1.5,1,always,vfx_display:on_each_target,debuff_stun,core_stun,1,Pirate,0,0,
# SKILL_PIRATE_POISON_SLASH - Pirate Level 10 (пњљпњљпњљпњљ 25% пњљпњљпњљпњљ: 3 пњљпњљ 3.75),,,,,,,,,,,,,,,,,,,,
CHAIN_PIRATE_001_L10,SKILL_PIRATE_POISON_SLASH,1,EFF_DAMAGE_AREA,20,0,0,instant,TargetArea,circle,0,1.25,always,value_type:percent_atk|vfx_display:center_once,instant_slash_poison,pirate_skill,1,Pirate,10,0,
CHAIN_PIRATE_002_L10,SKILL_PIRATE_POISON_SLASH,2,EFF_STUN,0,1.5,0,instant,TargetArea,circle,0,1.25,always,vfx_display:on_each_target,debuff_stun,core_stun,1,Pirate,10,0,
# SKILL_PIRATE_POISON_SLASH - Pirate Level 30 (пњљпњљпњљЎЈпњљ +25% пњљпњљпњљпњљ: 20% + 25% = 45%),,,,,,,,,,,,,,,,,,,,
CHAIN_PIRATE_001_L30,SKILL_PIRATE_POISON_SLASH,1,EFF_DAMAGE_AREA,25,0,0,instant,TargetArea,circle,0,1,always,value_type:percent_atk|vfx_display:center_once,instant_slash_poison,pirate_skill,1,Pirate,30,0,
# SKILL_PIRATE_POISON_SLASH - Pirate Level 50 (пњљпњљпњљпњљ +1пњљпњљ пњљпњљпњљпњљ),,,,,,,,,,,,,,,,,,,,
CHAIN_PIRATE_002_L50,SKILL_PIRATE_POISON_SLASH,2,EFF_STUN,0,1,0,instant,TargetArea,circle,0,1,always,vfx_display:on_each_target,debuff_stun,core_stun,1,Pirate,50,0,
# SKILL_PIRATE_POISON_SLASH - Pirate Awakening (пњљпњљпњљпњљ пњљя∞пњљ 25% пњљпњљпњљпњљ: 3.75 пњљпњљ 4.6875),,,,,,,,,,,,,,,,,,,,
CHAIN_PIRATE_001_AWK,SKILL_PIRATE_POISON_SLASH,1,EFF_DAMAGE_AREA,20,0,0,instant,TargetArea,circle,0,1.25,always,value_type:percent_atk|vfx_display:center_once,instant_slash_poison,pirate_skill,1,Pirate,0,1,
CHAIN_PIRATE_002_AWK,SKILL_PIRATE_POISON_SLASH,2,EFF_STUN,0,1.5,0,instant,TargetArea,circle,0,1.25,always,vfx_display:on_each_target,debuff_stun,core_stun,1,Pirate,0,1,
# SKILL_DIVER_WATER_SHIELD - пњљпњљпњљпњљпњљ пњљпњљпњљпњљ (3пњљ ∞пњљ пњљпњљпњљпњљ),,,,,,,,,,,,,,,,,,,,
CHAIN_DIVER_001,SKILL_DIVER_WATER_SHIELD,1,EFF_INVINCIBLE,0,2,0,instant,Self,none,0,1,always,vfx_display:on_each_target|block_skill_gauge_charge:true,buff_invincible,diver_skill,1,Diver,0,0,
# SKILL_DIVER_WATER_SHIELD - Diver Awakening (пњљпњљпњљпњљ пњљ√∞пњљ 2пњљпњљ пњљя∞пњљ, пњљ’їпњљпњљѕњпњљ 5пњљпњљ),,,,,,,,,,,,,,,,,,,
CHAIN_DIVER_001_AWK,SKILL_DIVER_WATER_SHIELD,1,EFF_INVINCIBLE,0,1,0,instant,Self,none,0,1,always,vfx_display:on_each_target,buff_invincible,core_shield,1,Diver,0,1,
# SKILL_DIVER_WATER_SHIELD - Diver Level 10 (HP 3% »Єпњљпњљ, пњљпњљпњљпњљпњљпњљ пњљпњљпњљпњљ),,,,,,,,,,,,,,,,,,,
CHAIN_DIVER_002_L10,SKILL_DIVER_WATER_SHIELD,1,EFF_HEAL,3,0,0,instant,Self,none,0,1,always,value_type:percent_max_hp,,core_heal,1,Diver,10,0,
# SKILL_DIVER_WATER_SHIELD - Diver Level 30 (3пњљпњљ пњљпњљпњљ, пњљпњљпњљпњљ пњљпњљпњљпњљ ≈Єпњљћєпњљ),,,,,,,,,,,,,,,,,,,
CHAIN_DIVER_WAIT_L30,SKILL_DIVER_WATER_SHIELD,2,EFF_VFX_ONLY,0,3,0,instant,Self,none,0,1,always,,,,1,Diver,30,0,
# SKILL_DIVER_WATER_SHIELD - Diver Awakening (2пњљпњљ пњљпњљпњљ пњљя∞пњљ, пњљпњљпњљпњљ пњљпњљ 5пњљпњљ),,,,,,,,,,,,,,,,,,,
CHAIN_DIVER_WAIT_AWK,SKILL_DIVER_WATER_SHIELD,2,EFF_VFX_ONLY,0,1,0,instant,Self,none,0,1,always,,,,1,Diver,30,1,
# SKILL_DIVER_WATER_SHIELD - Diver Level 30 (пњљпњљ»£пњљпњљ 5% 3пњљ ∞пњљ, пњљпњљпњљ пњљпњљ пњљпњљпњљпњљ),,,,,,,,,,,,,,,,,,,
CHAIN_DIVER_003_L30,SKILL_DIVER_WATER_SHIELD,3,EFF_SHIELD,5,3,0,instant,Self,none,0,1,always,value_type:percent_max_hp|absorb_type:all,shield_basic,core_shield,1,Diver,30,0,
# SKILL_DIVER_WATER_SHIELD - Diver Level 50 (пњљёіпњљ пњљпњљпњљпњљ -8%),,,,,,,,,,,,,,,,,,,,
CHAIN_DIVER_004_L50,SKILL_DIVER_WATER_SHIELD,4,EFF_BUFF_STAT,8,999,0,instant,Self,none,0,1,always,stat_type:damage_reduction|is_percentage:true,buff_stat,core_buff,1,Diver,50,0,
# SKILL_HACKER_SHIELD - пњљпњљ»£пњљпњљ пњљќњпњљ (HP пњљпњљпњљпњљ пњљпњљпњљпњљ пњљ∆±пњљпњљпњљпњљпњљ пњљпњљ√і пњљпњљ пњљпњљ»£пњљпњљ),,,,,,,,,,,,,,,,,,,,
CHAIN_HACKER_001,SKILL_HACKER_SHIELD,1,EFF_PROJECTILE_LOB,0,0,0,instant,LowestHpPercentAlly,none,0,1,always,arc_height:3|projectile_speed:8|vfx_display:executor_managed,projectile_fireball_blue,haker_skill,1,Hacker,0,0,
CHAIN_HACKER_002,SKILL_HACKER_SHIELD,2,EFF_SHIELD_TARGET,30,4,0,on_arrival,HitTarget,none,0,1,always,value_type:percent_max_hp|absorb_type:all|vfx_display:on_each_target,shield_basic,core_shield,1,Hacker,0,0,
# SKILL_HACKER_SHIELD - Hacker Level 10 (пњљпњљ»£пњљпњљ пњљпњљпњљпњљ пњљ∆±пњљ пњљёіпњљ пњљпњљпњљпњљ -5%),,,,,,,,,,,,,,,,,,,,
CHAIN_HACKER_003_L10,SKILL_HACKER_SHIELD,3,EFF_BUFF_STAT,5,4,0,on_arrival,HitTarget,none,0,1,always,stat_type:damage_reduction|is_percentage:true|vfx_display:on_each_target,buff_stat,core_buff,1,Hacker,10,0,
# SKILL_HACKER_SHIELD - Hacker Level 30 (пњљЏљ≈њпњљпњљ‘µпњљ пњљпњљпњљпњљ пњљпњљ»£пњљпњљ),,,,,,,,,,,,,,,,,,,,
CHAIN_HACKER_004_L30,SKILL_HACKER_SHIELD,4,EFF_SHIELD,30,4,0,on_arrival,Self,none,0,1,always,value_type:percent_max_hp|absorb_type:all,shield_basic,core_shield,1,Hacker,30,0,
# SKILL_HACKER_SHIELD - Hacker Level 50 (пњљпњљ»£пњљпњљпњљпњљ +35% пњљпњљпњљпњљ, пњљ’їпњљ пњљпњљпњљ),,,,,,,,,,,,,,,,,,,
CHAIN_HACKER_002_L50,SKILL_HACKER_SHIELD,2,EFF_SHIELD_TARGET,35,4,0,on_arrival,HitTarget,none,0,1,always,value_type:percent_max_hp|absorb_type:all|vfx_display:on_each_target,shield_basic,core_shield,1,Hacker,50,0,
# SKILL_HACKER_SHIELD - Hacker Awakening (»Єпњљпњљ 5%),,,,,,,,,,,,,,,,,,,,
CHAIN_HACKER_005_AWK,SKILL_HACKER_SHIELD,5,EFF_HEAL,5,0,0,on_arrival,HitTarget,none,0,1,always,value_type:percent_max_hp,heal_basic,core_heal,1,Hacker,0,1,
# SKILL_SNAKE_ATTACK_SPEED_BUFF - пњљпњљпњљЁЉ”µпњљ пњљпњљпњљпњљ (пњљпњљпњљЁЈпњљ пњљпњљпњљпњљ пњљ∆±пњљ 2пњљпњљпњљпњљпњљпњљ пњљпњљ√і пњљпњљ пњљпњљпњљпњљ пњљпњљпњљпњљ),,,,,,,,,,,,,,,,,,,,
CHAIN_SNAKE_001,SKILL_SNAKE_ATTACK_SPEED_BUFF,1,EFF_PROJECTILE_LOB,0,0,0,instant,HighestAttackAlly,none,0,1,always,arc_height:3|projectile_speed:8|max_targets:2|vfx_display:executor_managed,projectile_acid_green,snake_skill,1,Snake,0,0,
CHAIN_SNAKE_002,SKILL_SNAKE_ATTACK_SPEED_BUFF,2,EFF_BUFF_ATTACK_SPEED,20,4,0,on_arrival,HitTarget,none,0,1,always,max_targets:2|vfx_display:on_each_target,buff_attack_speed,core_buff,1,Snake,0,0,
# SKILL_SNAKE_ATTACK_SPEED_BUFF - Snake Level 10 (пњљпњљпњљЁЈпњљ +15%),,,,,,,,,,,,,,,,,,,,
CHAIN_SNAKE_003_L10,SKILL_SNAKE_ATTACK_SPEED_BUFF,3,EFF_BUFF_STAT,15,4,0,on_arrival,HitTarget,none,0,1,always,stat_type:damage|is_percentage:true|max_targets:2|vfx_display:on_each_target,buff_stat,core_buff,1,Snake,10,0,
# SKILL_SNAKE_ATTACK_SPEED_BUFF - Snake Level 30 (HP 7% »Єпњљпњљ),,,,,,,,,,,,,,,,,,,,
CHAIN_SNAKE_004_L30,SKILL_SNAKE_ATTACK_SPEED_BUFF,4,EFF_HEAL,7,0,0,on_arrival,HitTarget,none,0,1,always,value_type:percent_max_hp|max_targets:2,heal_basic,core_heal,1,Snake,30,0,
# SKILL_SNAKE_ATTACK_SPEED_BUFF - Snake Level 50 (пњљпњљпњљ +1пњљпњљ, max_targets:3),,,,,,,,,,,,,,,,,,,
CHAIN_SNAKE_001_L50,SKILL_SNAKE_ATTACK_SPEED_BUFF,1,EFF_PROJECTILE_LOB,0,0,0,instant,HighestAttackAlly,none,0,1,always,arc_height:3|projectile_speed:8|max_targets:3|vfx_display:executor_managed,projectile_acid_green,snake_skill,1,Snake,50,0,
CHAIN_SNAKE_002_L50,SKILL_SNAKE_ATTACK_SPEED_BUFF,2,EFF_BUFF_ATTACK_SPEED,0,0,0,on_arrival,HitTarget,none,0,1,always,max_targets:3|vfx_display:on_each_target,buff_attack_speed,,1,Snake,50,0,
CHAIN_SNAKE_003_L50,SKILL_SNAKE_ATTACK_SPEED_BUFF,3,EFF_BUFF_STAT,0,0,0,on_arrival,HitTarget,none,0,1,always,stat_type:damage|is_percentage:true|max_targets:3|vfx_display:on_each_target,buff_stat,,1,Snake,50,0,
CHAIN_SNAKE_004_L50,SKILL_SNAKE_ATTACK_SPEED_BUFF,4,EFF_HEAL,0,0,0,on_arrival,HitTarget,none,0,1,always,value_type:percent_max_hp|max_targets:3,heal_basic,,1,Snake,50,0,
# SKILL_SNAKE_ATTACK_SPEED_BUFF - Snake Awakening (пњљћµпњљпњљ”µпњљ +20%),,,,,,,,,,,,,,,,,,,,
CHAIN_SNAKE_005_AWK,SKILL_SNAKE_ATTACK_SPEED_BUFF,5,EFF_BUFF_STAT,20,4,0,on_arrival,HitTarget,none,0,1,always,stat_type:speed|is_percentage:true|max_targets:2|vfx_display:on_each_target,buff_stat,core_buff,1,Snake,0,1,
# SKILL_CHAINSAW_WHIRLWIND - Chainsaw: пњљпњљпњљпњљпњљпњљ »Єпњљпњљ (пњљпњљпњљпњљ пњљпњљпњљпњљ),,,,,,,,,,,,,,,,,,,,
CHAIN_CSW_001,SKILL_CHAINSAW_WHIRLWIND,1,EFF_DAMAGE_AREA,150,0,0,instant,AreaEnemy,circle,2.5,1,always,value_type:percent_atk,instant_slash,chainsaw_skill,1,Chainsaw,0,0,
# SKILL_CHAINSAW_WHIRLWIND - Chainsaw Level 10 (пњљпњљпњљЎЈпњљ пњљпњљпњљ »Єпњљпњљ),,,,,,,,,,,,,,,,,,,,
CHAIN_CSW_002_L10,SKILL_CHAINSAW_WHIRLWIND,2,EFF_HEAL_DAMAGE_DEALT,0,0,0,instant,Self,none,0,1,always,heal_percent:5|max_heal_cap:10,heal_basic,core_heal,1,Chainsaw,10,0,
# SKILL_CHAINSAW_WHIRLWIND - Chainsaw Level 30 (пњљпњљпњљЎЈпњљ +30% пњљпњљпњљпњљ, пњљ’їпњљ),,,,,,,,,,,,,,,,,,,
CHAIN_CSW_001_L30,SKILL_CHAINSAW_WHIRLWIND,1,EFF_DAMAGE_AREA,30,0,0,instant,AreaEnemy,circle,2.5,1,always,value_type:percent_atk,instant_slash,chainsaw_skill,1,Chainsaw,30,0,
# SKILL_CHAINSAW_WHIRLWIND - Chainsaw Level 50 (пњљпњљ»£пњљпњљ пњљќњпњљ),,,,,,,,,,,,,,,,,,,,
CHAIN_CSW_003_L50,SKILL_CHAINSAW_WHIRLWIND,3,EFF_SHIELD,25,3,0,instant,Self,none,0,1,always,value_type:percent_max_hp|absorb_type:all,shield_basic,core_shield,1,Chainsaw,50,0,
# SKILL_CHAINSAW_WHIRLWIND - Chainsaw Awakening (пњљпњљпњљпњљ пњљя∞пњљ, »Єпњљпњљпњљпњљпњљпњљ пњљпњљпњљпњљ пњљпњљпњљпњљ),,,,,,,,,,,,,,,,,,,
CHAIN_CSW_004_AWK,SKILL_CHAINSAW_WHIRLWIND,0,EFF_MOVE_DASH,0,0,0,instant,FarthestEnemy,none,0,1,always,dash_speed:10|stop_on_collision:false|collision_radius:1.5|overshoot_distance:0.5|skill_range:-1,trail_lightning_blue,core_charge,1,Chainsaw,0,1,
# PASSIVE_Martial - пњљпњљпњљпњљ пњљпњљпњљпњљ (Martial: ≈©пњљпњљ∆Љпњљпњљ »Ѓпњљпњљ +25%p),,,,,,,,,,,,,,,,,,,,
CHAIN_MARTIAL_001,PASSIVE_Martial,1,EFF_BUFF_STAT,25,999,0,once_on_spawn,Self,none,0,1,always,stat_type:critical_rate|is_percentage:false,buff_stat,core_buff,1,Martial,0,0,
# PASSIVE_Martial - Martial Level 10 (пњљпњљпњљЁЉ”µпњљ +15%),,,,,,,,,,,,,,,,,,,,
CHAIN_MARTIAL_L10,PASSIVE_Martial,2,EFF_BUFF_STAT,15,999,0,once_on_spawn,Self,none,0,1,always,stat_type:attack_speed|is_percentage:true,buff_stat,core_buff,1,Martial,10,0,
# PASSIVE_Martial - Martial Level 30 (пњљпњљпњљЁЈпњљ +15%),,,,,,,,,,,,,,,,,,,,
CHAIN_MARTIAL_L30,PASSIVE_Martial,3,EFF_BUFF_STAT,15,999,0,once_on_spawn,Self,none,0,1,always,stat_type:damage|is_percentage:true,buff_stat,core_buff,1,Martial,30,0,
# PASSIVE_Martial - Martial Level 50 (пњљёіпњљ пњљпњљпњљпњљ -10%),,,,,,,,,,,,,,,,,,,,
CHAIN_MARTIAL_L50,PASSIVE_Martial,4,EFF_BUFF_STAT,10,999,0,once_on_spawn,Self,none,0,1,always,stat_type:damage_reduction|is_percentage:true,buff_stat,core_buff,1,Martial,50,0,
# PASSIVE_Martial - Martial Awakening (≈©пњљпњљ∆Љпњљпњљ пњљпњљпњљпњљпњљпњљ +100%p),,,,,,,,,,,,,,,,,,,,
CHAIN_MARTIAL_AWK,PASSIVE_Martial,5,EFF_BUFF_STAT,100,999,0,on_awakening,Self,none,0,1,always,stat_type:critical_damage|is_percentage:false,buff_stat,core_buff,1,Martial,0,1,
# SKILL_DOLL_THROW - Claw: мЭЄнШХ лНШмІАкЄ∞ (мЭЄнШХ мЖМнЩШ + лПДл∞Ь),,,,,,,,,,,,,,,,,,,,
CHAIN_DOLL_001,SKILL_DOLL_THROW,1,EFF_DOLL_SUMMON,0,0,0,instant,NearestEnemy,none,0,1,always,arc_height:3|projectile_speed:8|doll_duration:3|taunt_radius:3|health_percent:80|vfx_display:executor_managed,projectile_doll,doll_throw,1,Claw,0,0,
CHAIN_DOLL_002,SKILL_DOLL_THROW,2,EFF_TAUNT,0,3,0,on_arrival,ImpactArea,circle,3,1,always,force_target:true,debuff_taunt,,1,Claw,0,0,
# SKILL_BARRICADE - Police: л∞Фл¶ђмЉАмЭілУЬ мД§мєШ (мХЮмЧР л∞©л≤љ мЖМнЩШ)
CHAIN_BARRICADE_001,SKILL_BARRICADE,1,EFF_BARRICADE_SUMMON,0,10,0,instant,Self,none,0,1,always,instant_spawn:true|spawn_offset_x:-0.2|doll_duration:10|health_percent:50|vfx_display:executor_managed,projectile_shield,barricade_place,1,,0,0,
# SKILL_NURSE_INJECTION - Nurse: м≤іл†• нЪМл≥µ м£ЉмВђ (HP лєДмЬ® к∞АмЮ• лВЃмЭА мХДкµ∞мЧРк≤М мИЬк∞ДмЭілПЩ нЫД нЪМл≥µ, м†ЬмЮРл¶ђ л≥µкЈА)
CHAIN_NURSE_001,SKILL_NURSE_INJECTION,1,EFF_MOVE_DASH,0,0,0,instant,LowestHpPercentAlly,none,0,1,always,dash_speed:20|instant_teleport:true|overshoot_distance:0.3|return_after_delay:0.5|skill_range:-1,instant_teleport_holy,core_teleport,1,,0,0,
CHAIN_NURSE_002,SKILL_NURSE_INJECTION,2,EFF_HEAL,250,0,0,on_arrival,same_target,none,0,1,always,value_type:percent_atk,heal_basic,core_heal,1,,0,0,
